<?xml version="1.0" encoding="UTF-8"?>
<rss version="2.0" xmlns:ror="http://rorweb.com/0.1/" >
<channel>
  <title>ROR Sitemap for https://vaciado-pisos-barcelona.pages.dev/</title>
  <link>https://vaciado-pisos-barcelona.pages.dev/</link>

<item>
     <link>https://vaciado-pisos-barcelona.pages.dev/</link>
     <title>Vaciado Pisos Barcelona</title>
     <description>Realizamos vaciado de pisos con la máxima garantía y rapidez ¿Necesitas tirar muebles o electrodomésticos? Recogemos en - de 24 horas. SolicIta presupuesto.</description>
     <ror:updatePeriod></ror:updatePeriod>
     <ror:sortOrder>0</ror:sortOrder>
     <ror:resourceOf>sitemap</ror:resourceOf>
</item>
<item>
     <link>https://vaciado-pisos-barcelona.pages.dev/generic</link>
     <title>Empresa de Vaciado de pisos y locales</title>
     <description>Empresa de Vaciado de pisos y locales</description>
     <ror:updatePeriod></ror:updatePeriod>
     <ror:sortOrder>1</ror:sortOrder>
     <ror:resourceOf>sitemap</ror:resourceOf>
</item>
</channel>
</rss>
  